{"body":[{"val":"","selector":"body,body #page","attr":"background-color"},{"val":"","selector":"body,body #page","attr":"background-image"},{"val":"","selector":"body,body #page","attr":"font-size"},{"val":"Tahoma, Geneva, sans-serif","selector":"body,body #page","attr":"font-family"},{"val":"","selector":"body,body #page","attr":"color"},{"val":"","selector":"body a,body #page a","attr":"color"}],"top-bar":[{"val":"","selector":"#topbar","attr":"background-color"},{"val":"","selector":"#topbar","attr":"background-image"},{"val":"","selector":"#topbar .container .inside","attr":"background-color"},{"val":"2f0aff","selector":"#topbar .container .inside","attr":"background-image"},{"val":"","selector":"#topbar","attr":"color"},{"val":"","selector":"#topbar a","attr":"color"}],"pav-mainnav":[{"val":"","selector":"#header-layout .inside","attr":"background-color"},{"val":"","selector":"#header-layout .inside","attr":"background-image"},{"val":"","selector":".pav-megamenu .navbar-nav li a","attr":"color"},{"val":"","selector":".pav-mainnav .dropdown-menu","attr":"background-color"},{"val":"","selector":"#pav-mainnav .dropdown-menu","attr":"background-image"},{"val":"","selector":".pav-mainnav .widget-heading, #pav-mainnav .dropdown-menu","attr":"color"},{"val":"","selector":".pav-mainnav .dropdown-menu a,.pav-mainnav .dropdown-menu li a","attr":"color"}],"footer-center":[{"val":"db2cdb","selector":".footer-center","attr":"background-color"},{"val":"..\/..\/image\/pattern\/pattern12.png","selector":".footer-center","attr":"background-image"},{"val":"d0f3f5","selector":".footer-center .container .inside","attr":"background-color"},{"val":"..\/..\/image\/pattern\/pattern12.png","selector":".footer-center .container .inside","attr":"background-image"},{"val":"0ddb21","selector":"#footer .footer-center .panel-title,.footer-center .container .inside ","attr":"color"},{"val":"d40000","selector":".footer-center .container .inside a","attr":"color"}],"powered":[{"val":"945094","selector":"#powered","attr":"background-color"},{"val":"..\/..\/image\/pattern\/pattern10.png","selector":"#powered","attr":"background-image"},{"val":"bbc7fc","selector":"#powered .container .inside","attr":"background-color"},{"val":"..\/..\/image\/pattern\/pattern10.png","selector":"#powered .container .inside","attr":"background-image"},{"val":"ff03ff","selector":"#powered .container .inside","attr":"color"},{"val":"448a02","selector":"#powered .container .inside a","attr":"color"}],"product":[{"val":"9e2f9e","selector":".product-block .name a","attr":"color"},{"val":"00d620","selector":".price .price-new","attr":"color"},{"val":"942294","selector":".price .price-old","attr":"color"},{"val":"170a7d","selector":"\r\n\t\t\t\t.action buttom .fa,.action div a\r\n\t\t\t","attr":"color"},{"val":"e80ee8","selector":".btn-outline-inverse","attr":"background-color"},{"val":"d139d1","selector":".product-label","attr":"color"},{"val":"bd35bd","selector":".product-label.sale","attr":"background-color"}]}